{"count":1,"self":55707.264614399995,"total":186256.4885757,"children":{"InitializeActuators":{"count":9,"self":0.00099969999999999985,"total":0.00099969999999999985,"children":null},"InitializeSensors":{"count":9,"self":0.0019594,"total":0.0019594,"children":null},"AgentSendState":{"count":55555703,"self":385.6350208,"total":2477.8175122,"children":{"CollectObservations":{"count":100000269,"self":270.5464832,"total":270.5464867,"children":null},"WriteActionMask":{"count":100000269,"self":57.5143232,"total":57.5143257,"children":null},"RequestDecision":{"count":100000269,"self":280.18511359999997,"total":1764.1216688,"children":{"AgentInfo.ToProto":{"count":100000269,"self":270.8396288,"total":1483.9365507,"children":{"GenerateSensorData":{"count":100000269,"self":1213.0969599999999,"total":1213.0969221999999,"children":null}}}}}}},"DecideAction":{"count":55555703,"self":127606.86264319999,"total":127606.8651543,"children":null},"AgentAct":{"count":55555703,"self":414.7233536,"total":414.72335849999996,"children":null},"AgentInfo.ToProto":{"count":1897698,"self":10.415260799999999,"total":49.813817199999995,"children":{"GenerateSensorData":{"count":1897698,"self":39.3985568,"total":39.398556,"children":null}}}},"gauges":{"My Behavior.CumulativeReward":{"count":1897698,"max":1,"min":0,"runningAverage":0.7743163,"value":1,"weightedAverage":0.9999999}},"metadata":{"timer_format_version":"0.1.0","start_time_seconds":"1639584349","unity_version":"2020.3.20f1","command_line_arguments":"C:\\Program Files\\Unity\\Hub\\Editor\\2020.3.20f1\\Editor\\Unity.exe -projectpath C:\/Users\/user\/SpaceX Landing -useHub -hubIPC -cloudEnvironment production -hubSessionId 745974e0-5d96-11ec-b00b-b160f3e42fd7 -accessToken vrJ1SwjEPIp0tXrxY1wU0HS9XDyVSL3j8xjT2Fi8DM000df","communication_protocol_version":"1.5.0","com.unity.ml-agents_version":"2.0.0","scene_name":"Lab04","end_time_seconds":"1639770606"}}