{
    "name": "root",
    "gauges": {
        "MyBehavior.Policy.Entropy.mean": {
            "value": 0.20550520718097687,
            "min": -1.7943938246389735e-07,
            "max": 1.7124040126800537,
            "count": 10000
        },
        "MyBehavior.Policy.Entropy.sum": {
            "value": 2052.9970703125,
            "min": -0.0017925994470715523,
            "max": 17014.15625,
            "count": 10000
        },
        "MyBehavior.Environment.LessonNumber.init_height.mean": {
            "value": 2.0,
            "min": 0.0,
            "max": 2.0,
            "count": 10000
        },
        "MyBehavior.Environment.LessonNumber.init_height.sum": {
            "value": 2.0,
            "min": 0.0,
            "max": 2.0,
            "count": 10000
        },
        "MyBehavior.Environment.EpisodeLength.mean": {
            "value": 59.119760479041915,
            "min": 19.0,
            "max": 111.66304347826087,
            "count": 10000
        },
        "MyBehavior.Environment.EpisodeLength.sum": {
            "value": 9873.0,
            "min": 9147.0,
            "max": 10494.0,
            "count": 10000
        },
        "MyBehavior.Step.mean": {
            "value": 99999945.0,
            "min": 9989.0,
            "max": 99999945.0,
            "count": 10000
        },
        "MyBehavior.Step.sum": {
            "value": 99999945.0,
            "min": 9989.0,
            "max": 99999945.0,
            "count": 10000
        },
        "MyBehavior.Policy.ExtrinsicValueEstimate.mean": {
            "value": 0.6388171911239624,
            "min": -10.68399715423584,
            "max": 58.8357048034668,
            "count": 10000
        },
        "MyBehavior.Policy.ExtrinsicValueEstimate.sum": {
            "value": 106.04365539550781,
            "min": -3974.44677734375,
            "max": 13649.8837890625,
            "count": 10000
        },
        "MyBehavior.Environment.CumulativeReward.mean": {
            "value": 1.0,
            "min": 0.0,
            "max": 1.0,
            "count": 10000
        },
        "MyBehavior.Environment.CumulativeReward.sum": {
            "value": 166.0,
            "min": 0.0,
            "max": 273.0,
            "count": 10000
        },
        "MyBehavior.Policy.ExtrinsicReward.mean": {
            "value": 1.0,
            "min": 0.0,
            "max": 1.0,
            "count": 10000
        },
        "MyBehavior.Policy.ExtrinsicReward.sum": {
            "value": 166.0,
            "min": 0.0,
            "max": 273.0,
            "count": 10000
        },
        "MyBehavior.IsTraining.mean": {
            "value": 1.0,
            "min": 1.0,
            "max": 1.0,
            "count": 10000
        },
        "MyBehavior.IsTraining.sum": {
            "value": 1.0,
            "min": 1.0,
            "max": 1.0,
            "count": 10000
        },
        "MyBehavior.Losses.PolicyLoss.mean": {
            "value": 0.026296285990004737,
            "min": 0.011920677949092351,
            "max": 0.037408535306652384,
            "count": 9728
        },
        "MyBehavior.Losses.PolicyLoss.sum": {
            "value": 0.026296285990004737,
            "min": 0.011920677949092351,
            "max": 0.037408535306652384,
            "count": 9728
        },
        "MyBehavior.Losses.ValueLoss.mean": {
            "value": 0.0014196558317053133,
            "min": 4.586446364858906e-06,
            "max": 3397.1203369140626,
            "count": 9728
        },
        "MyBehavior.Losses.ValueLoss.sum": {
            "value": 0.0014196558317053133,
            "min": 4.586446364858906e-06,
            "max": 3397.1203369140626,
            "count": 9728
        },
        "MyBehavior.Policy.LearningRate.mean": {
            "value": 1.9905993397999984e-08,
            "min": 1.9905993397999984e-08,
            "max": 0.00029996907601030794,
            "count": 9728
        },
        "MyBehavior.Policy.LearningRate.sum": {
            "value": 1.9905993397999984e-08,
            "min": 1.9905993397999984e-08,
            "max": 0.00029996907601030794,
            "count": 9728
        },
        "MyBehavior.Policy.Epsilon.mean": {
            "value": 0.10000660200000003,
            "min": 0.10000660200000003,
            "max": 0.199989692,
            "count": 9728
        },
        "MyBehavior.Policy.Epsilon.sum": {
            "value": 0.10000660200000003,
            "min": 0.10000660200000003,
            "max": 0.199989692,
            "count": 9728
        },
        "MyBehavior.Policy.Beta.mean": {
            "value": 1.0329439800000004e-05,
            "min": 1.0329439800000004e-05,
            "max": 0.004999485630799998,
            "count": 9728
        },
        "MyBehavior.Policy.Beta.sum": {
            "value": 1.0329439800000004e-05,
            "min": 1.0329439800000004e-05,
            "max": 0.004999485630799998,
            "count": 9728
        }
    },
    "metadata": {
        "timer_format_version": "0.1.0",
        "start_time_seconds": "1639584338",
        "python_version": "3.6.13 |Anaconda, Inc.| (default, Mar 16 2021, 11:37:27) [MSC v.1916 64 bit (AMD64)]",
        "command_line_arguments": "D:\\Anaconda3\\envs\\ML-env\\Scripts\\mlagents-learn configs/config5_1.txt --run-id=Rocket3",
        "mlagents_version": "0.27.0",
        "mlagents_envs_version": "0.27.0",
        "communication_protocol_version": "1.5.0",
        "pytorch_version": "1.8.2+cpu",
        "numpy_version": "1.19.5",
        "end_time_seconds": "1639770606"
    },
    "total": 186268.66274569998,
    "count": 1,
    "self": 0.599512999993749,
    "children": {
        "run_training.setup": {
            "total": 0.3040036,
            "count": 1,
            "self": 0.3040036
        },
        "TrainerController.start_learning": {
            "total": 186267.7592291,
            "count": 1,
            "self": 445.7409124409314,
            "children": {
                "TrainerController._reset_env": {
                    "total": 12.1932323,
                    "count": 1,
                    "self": 12.1932323
                },
                "TrainerController.advance": {
                    "total": 185809.6849978591,
                    "count": 12124456,
                    "self": 549.3260968220129,
                    "children": {
                        "env_step": {
                            "total": 131496.41416614194,
                            "count": 12124456,
                            "self": 107175.21672892751,
                            "children": {
                                "SubprocessEnvManager._take_step": {
                                    "total": 24106.937916285395,
                                    "count": 12124456,
                                    "self": 848.3535739675608,
                                    "children": {
                                        "TorchPolicy.evaluate": {
                                            "total": 23258.584342317834,
                                            "count": 11111138,
                                            "self": 3932.0666766894756,
                                            "children": {
                                                "TorchPolicy.sample_actions": {
                                                    "total": 19326.51766562836,
                                                    "count": 11111138,
                                                    "self": 19326.51766562836
                                                }
                                            }
                                        }
                                    }
                                },
                                "workers": {
                                    "total": 214.2595209290435,
                                    "count": 12124456,
                                    "self": 0.0,