{
    "name": "root",
    "gauges": {
        "MyBehavior.Policy.Entropy.mean": {
            "value": 0.32103657722473145,
            "min": 0.32103657722473145,
            "max": 0.6667140126228333,
            "count": 8
        },
        "MyBehavior.Policy.Entropy.sum": {
            "value": 16049.58203125,
            "min": 16049.58203125,
            "max": 33345.03515625,
            "count": 8
        },
        "MyBehavior.Environment.EpisodeLength.mean": {
            "value": 36.70211161387632,
            "min": 36.70211161387632,
            "max": 76.06317411402158,
            "count": 8
        },
        "MyBehavior.Environment.EpisodeLength.sum": {
            "value": 48667.0,
            "min": 48667.0,
            "max": 49365.0,
            "count": 8
        },
        "MyBehavior.Step.mean": {
            "value": 399967.0,
            "min": 49977.0,
            "max": 399967.0,
            "count": 8
        },
        "MyBehavior.Step.sum": {
            "value": 399967.0,
            "min": 49977.0,
            "max": 399967.0,
            "count": 8
        },
        "MyBehavior.Policy.ExtrinsicValueEstimate.mean": {
            "value": 0.6074258089065552,
            "min": -0.40974634885787964,
            "max": 0.6085205078125,
            "count": 8
        },
        "MyBehavior.Policy.ExtrinsicValueEstimate.sum": {
            "value": 805.4466552734375,
            "min": -415.4827880859375,
            "max": 805.4466552734375,
            "count": 8
        },
        "MyBehavior.Environment.CumulativeReward.mean": {
            "value": 0.9924585218702866,
            "min": 0.375,
            "max": 0.9938837920489296,
            "count": 8
        },
        "MyBehavior.Environment.CumulativeReward.sum": {
            "value": 1316.0,
            "min": 243.0,
            "max": 1316.0,
            "count": 8
        },
        "MyBehavior.Policy.ExtrinsicReward.mean": {
            "value": 0.9924585218702866,
            "min": 0.375,
            "max": 0.9938837920489296,
            "count": 8
        },
        "MyBehavior.Policy.ExtrinsicReward.sum": {
            "value": 1316.0,
            "min": 243.0,
            "max": 1316.0,
            "count": 8
        },
        "MyBehavior.Losses.PolicyLoss.mean": {
            "value": 0.02416177103392935,
            "min": 0.02154039088636637,
            "max": 0.027817901609038624,
            "count": 8
        },
        "MyBehavior.Losses.PolicyLoss.sum": {
            "value": 0.0966470841357174,
            "min": 0.0966470841357174,
            "max": 0.12380407850723713,
            "count": 8
        },
        "MyBehavior.Losses.ValueLoss.mean": {
            "value": 0.0008301127449158232,
            "min": 0.0008301127449158232,
            "max": 0.07602940759000679,
            "count": 8
        },
        "MyBehavior.Losses.ValueLoss.sum": {
            "value": 0.0033204509796632927,
            "min": 0.0033204509796632927,
            "max": 0.30411763036002715,
            "count": 8
        },
        "MyBehavior.Policy.LearningRate.mean": {
            "value": 7.526317491229999e-05,
            "min": 7.526317491229999e-05,
            "max": 0.00028460625513124986,
            "count": 8
        },
        "MyBehavior.Policy.LearningRate.sum": {
            "value": 0.00030105269964919996,
            "min": 0.00030105269964919996,
            "max": 0.0012844302718565998,
            "count": 8
        },
        "MyBehavior.Policy.Epsilon.mean": {
            "value": 0.12508770000000002,
            "min": 0.12508770000000002,
            "max": 0.19486875,
            "count": 8
        },
        "MyBehavior.Policy.Epsilon.sum": {
            "value": 0.5003508000000001,
            "min": 0.5003508000000001,
            "max": 0.9281434,
            "count": 8
        },
        "MyBehavior.Policy.Beta.mean": {
            "value": 0.00126187623,
            "min": 0.00126187623,
            "max": 0.004743950625,
            "count": 8
        },
        "MyBehavior.Policy.Beta.sum": {
            "value": 0.00504750492,
            "min": 0.00504750492,
            "max": 0.02141435566,
            "count": 8
        },
        "MyBehavior.IsTraining.mean": {
            "value": 1.0,
            "min": 1.0,
            "max": 1.0,
            "count": 8
        },
        "MyBehavior.IsTraining.sum": {
            "value": 1.0,
            "min": 1.0,
            "max": 1.0,
            "count": 8
        }
    },
    "metadata": {
        "timer_format_version": "0.1.0",
        "start_time_seconds": "1637397759",
        "python_version": "3.6.13 |Anaconda, Inc.| (default, Mar 16 2021, 11:37:27) [MSC v.1916 64 bit (AMD64)]",
        "command_line_arguments": "C:\\Users\\user\\anaconda3\\envs\\ML-env\\Scripts\\mlagents-learn --run-id=Rocket",
        "mlagents_version": "0.27.0",
        "mlagents_envs_version": "0.27.0",
        "communication_protocol_version": "1.5.0",
        "pytorch_version": "1.8.2+cpu",
        "numpy_version": "1.19.5",
        "end_time_seconds": "1637410823"
    },
    "total": 13064.804915300001,
    "count": 1,
    "self": 0.013559100001657498,
    "children": {
        "run_training.setup": {
            "total": 0.0538568,
            "count": 1,
            "self": 0.0538568
        },
        "TrainerController.start_learning": {
            "total": 13064.7374994,
            "count": 1,
            "self": 12.902898900249056,
            "children": {
                "TrainerController._reset_env": {
                    "total": 13.7011326,
                    "count": 1,
                    "self": 13.7011326
                },
                "TrainerController.advance": {
                    "total": 13037.93215769975,
                    "count": 436157,
                    "self": 13.22094129913421,
                    "children": {
                        "env_step": {
                            "total": 12836.319379900442,
                            "count": 436157,
                            "self": 12239.039996300513,
                            "children": {
                                "SubprocessEnvManager._take_step": {
                                    "total": 589.0371363000495,
                                    "count": 436157,
                                    "self": 30.702799399947935,
                                    "children": {
                                        "TorchPolicy.evaluate": {
                                            "total": 558.3343369001016,
                                            "count": 426028,
                                            "self": 156.13160159965884,
                                            "children": {
                                                "TorchPolicy.sample_actions": {
                                                    "total": 402.2027353004427,
                                                    "count": 426028,
                                                    "self": 402.2027353004427
                                                }
                                            }
                                        }
                                    }
                                },
                                "workers": {
                                    "total": 8.242247299879072,
                                    "count": 436156,
                                    "self": 0.0,
                                    "children": {
                                        "worker_root": {
                                            "total": 13033.097852499688,
                                            "count": 436156,
                                            "is_parallel": true,
                                            "self": 1339.2384089996667,